customer_id,first_name,last_name,city,email
1,Krzysztof,Matysiak,Otwock,krzysztof.matysiak@wp.pl
2,Beata,Nowosielski,Łódź,beata.nowosielski@interia.pl
3,Grzegorz,Pawlak,Gdańsk,grzegorz.pawlak@gmail.com
4,Oskar,Sroka,Grodzisk Mazowiecki,oskar.sroka@tlen.pl
5,Kacper,Sawicka,Otwock,kacper.sawicka@tlen.pl
6,Ryszard,Wójcik,Gdynia,ryszard.wojcik@interia.pl
7,Michał,Kozłowski,Gdynia,michał.kozłowski@interia.pl
8,Maja,Pawłowska,Piaseczno,maja.pawłowska@wp.pl
9,Dominik,Pawłowska,Lublin,dominik.pawłowska@interia.pl
10,Magda,Chojnacki,Łódź,magda.chojnacki@tlen.pl
11,Mikołaj,Nowosielski,Grodzisk Mazowiecki,mikołaj.nowosielski@tlen.pl
12,Gabriela,Nowosielski,Ząbki,gabriela.nowosielski@gmail.com
13,Wiktoria,Nowosielski,Legionowo,wiktoria.nowosielski@tlen.pl
14,Michał,Kubiak,Wołomin,michał.kubiak@tlen.pl
15,Bartosz,Kasperski,Kraków,bartosz.kasperski@gmail.com
16,Kacper,Kubiak,Szczecin,kacper.kubiak@gmail.com
17,Jakub,Ostrowski,Ząbki,jakub.ostrowski@gmail.com
18,Alicja,Lewandowski,Wołomin,alicja.lewandowski@gmail.com
19,Martyna,Konieczny,Łódź,martyna.konieczny@gmail.com
20,Zuzanna,Bednarek,Gdynia,zuzanna.bednarek@wp.pl
21,Kamil,Ostrowski,Wołomin,kamil.ostrowski@interia.pl
22,Hubert,Zielińska,Wołomin,hubert.zielinska@gmail.com
23,Maciej,Górska,Poznań,maciej.gorska@interia.pl
24,Lena,Brzezińska,Ząbki,lena.brzezinska@gmail.com
25,Paweł,Adamczyk,Katowice,paweł.adamczyk@interia.pl
26,Natalia,Sobczak,Ząbki,natalia.sobczak@interia.pl
27,Teresa,Wojciechowska,Lublin,teresa.wojciechowska@wp.pl
28,Bartosz,Dudek,Poznań,bartosz.dudek@interia.pl
29,Aneta,Pietrzak,Szczecin,aneta.pietrzak@wp.pl
30,Milena,Wójcik,Bydgoszcz,milena.wojcik@interia.pl
31,Dominika,Kędzierski,Gdynia,dominika.kedzierski@interia.pl
32,Gabriela,Marciniak,Piaseczno,gabriela.marciniak@gmail.com
33,Michał,Nowosielski,Wrocław,michał.nowosielski@wp.pl
34,Łukasz,Lewandowski,Bydgoszcz,łukasz.lewandowski@tlen.pl
35,Patrycja,Sadowska,Warszawa,patrycja.sadowska@gmail.com
36,Maciej,Szafran,Ząbki,maciej.szafran@interia.pl
37,Milena,Kozłowski,Gdynia,milena.kozłowski@tlen.pl
38,Konrad,Sroka,Poznań,konrad.sroka@wp.pl
39,Kamila,Szulc,Ząbki,kamila.szulc@interia.pl
40,Piotr,Król,Łódź,piotr.krol@tlen.pl
41,Krzysztof,Gajewska,Lublin,krzysztof.gajewska@wp.pl
42,Ewa,Kaczmarek,Lublin,ewa.kaczmarek@wp.pl
43,Teresa,Kowalczyk,Gdynia,teresa.kowalczyk@gmail.com
44,Mikołaj,Kaźmierczak,Łódź,mikołaj.kazmierczak@gmail.com
45,Justyna,Balcerzak,Łódź,justyna.balcerzak@gmail.com
46,Lena,Balcerzak,Wołomin,lena.balcerzak@interia.pl
47,Renata,Kaczmarek,Lublin,renata.kaczmarek@gmail.com
48,Klaudia,Kozińska,Wołomin,klaudia.kozinska@gmail.com
49,Mateusz,Wójcik,Gdańsk,mateusz.wojcik@wp.pl
50,Karolina,Bąk,Szczecin,karolina.bak@wp.pl
51,Tomasz,Sadowska,Poznań,tomasz.sadowska@gmail.com
52,Leon,Błaszczyk,Łódź,leon.błaszczyk@gmail.com
53,Radosław,Domański,Gdynia,radosław.domanski@gmail.com
54,Daniel,Grabowska,Wołomin,daniel.grabowska@tlen.pl
55,Emilia,Musiał,Piaseczno,emilia.musiał@tlen.pl
56,Sandra,Jaworski,Otwock,sandra.jaworski@tlen.pl
57,Wiktoria,Bąk,Bydgoszcz,wiktoria.bak@gmail.com
58,Beata,Sadowska,Wołomin,beata.sadowska@wp.pl
59,Adam,Krupa,Pruszków,adam.krupa@wp.pl
60,Bożena,Sobczak,Lublin,bozena.sobczak@tlen.pl
61,Maciej,Stępień,Katowice,maciej.stepien@gmail.com
62,Szymon,Szymański,Kraków,szymon.szymanski@interia.pl
63,Wiktoria,Grabowska,Grodzisk Mazowiecki,wiktoria.grabowska@gmail.com
64,Robert,Król,Gdańsk,robert.krol@gmail.com
65,Marta,Konieczny,Grodzisk Mazowiecki,marta.konieczny@tlen.pl
66,Przemysław,Kędzierski,Otwock,przemysław.kedzierski@wp.pl
67,Julia,Bąk,Łódź,julia.bak@wp.pl
68,Mikołaj,Jankowska,Grodzisk Mazowiecki,mikołaj.jankowska@interia.pl
69,Piotr,Dudek,Otwock,piotr.dudek@wp.pl
70,Kamila,Gajewska,Szczecin,kamila.gajewska@wp.pl
71,Wojciech,Musiał,Katowice,wojciech.musiał@tlen.pl
72,Karol,Zielińska,Katowice,karol.zielinska@interia.pl
73,Elżbieta,Nowak,Katowice,elzbieta.nowak@interia.pl
74,Wojciech,Stępień,Ząbki,wojciech.stepien@tlen.pl
75,Daniel,Kozłowski,Bydgoszcz,daniel.kozłowski@tlen.pl
76,Mikołaj,Matysiak,Bydgoszcz,mikołaj.matysiak@gmail.com
77,Aneta,Nowicki,Szczecin,aneta.nowicki@interia.pl
78,Mariusz,Szczepańska,Gdynia,mariusz.szczepanska@interia.pl
79,Gabriela,Kopeć,Piaseczno,gabriela.kopec@tlen.pl
80,Anna,Pietrzak,Wrocław,anna.pietrzak@interia.pl
81,Damian,Lis,Warszawa,damian.lis@gmail.com
82,Halina,Nowak,Gdańsk,halina.nowak@tlen.pl
83,Mateusz,Ciesielski,Łódź,mateusz.ciesielski@interia.pl
84,Natalia,Zawadzki,Ząbki,natalia.zawadzki@wp.pl
85,Natalia,Tomaszewski,Szczecin,natalia.tomaszewski@gmail.com
86,Łukasz,Olszewska,Gdańsk,łukasz.olszewska@interia.pl
87,Grzegorz,Wilk,Kraków,grzegorz.wilk@tlen.pl
88,Aneta,Sadowska,Łódź,aneta.sadowska@gmail.com
89,Damian,Rutkowski,Łódź,damian.rutkowski@tlen.pl
90,Klaudia,Kamińska,Kraków,klaudia.kaminska@interia.pl
91,Maja,Ciesielski,Bydgoszcz,maja.ciesielski@tlen.pl
92,Oskar,Kucharczyk,Gdynia,oskar.kucharczyk@gmail.com
93,Bożena,Dąbrowska,Katowice,bozena.dabrowska@tlen.pl
94,Katarzyna,Tomaszewski,Wrocław,katarzyna.tomaszewski@wp.pl
95,Iwona,Kaczor,Katowice,iwona.kaczor@wp.pl
96,Bartosz,Jabłońska,Łódź,bartosz.jabłonska@interia.pl
97,Ewa,Balcerzak,Pruszków,ewa.balcerzak@interia.pl
98,Kinga,Chojnacki,Gdynia,kinga.chojnacki@wp.pl
99,Klaudia,Pawłowska,Marki,klaudia.pawłowska@tlen.pl
100,Maja,Gajewska,Pruszków,maja.gajewska@interia.pl
101,Dawid,Bielecki,Kraków,dawid.bielecki@wp.pl
102,Daria,Malinowska,Warszawa,daria.malinowska@tlen.pl
103,Ryszard,Lis,Legionowo,ryszard.lis@gmail.com
104,Agnieszka,Królikowska,Wrocław,agnieszka.krolikowska@tlen.pl
105,Renata,Nowak,Gdańsk,renata.nowak@wp.pl
106,Gabriela,Kołodziej,Otwock,gabriela.kołodziej@interia.pl
107,Karolina,Polak,Gdynia,karolina.polak@gmail.com
108,Przemysław,Chojnacki,Otwock,przemysław.chojnacki@tlen.pl
109,Kinga,Nowakowski,Łódź,kinga.nowakowski@wp.pl
110,Dominik,Wrona,Piaseczno,dominik.wrona@tlen.pl
111,Daniel,Kowalczyk,Bydgoszcz,daniel.kowalczyk@wp.pl
112,Karolina,Sadowska,Otwock,karolina.sadowska@gmail.com
113,Klaudia,Kaczmarczyk,Lublin,klaudia.kaczmarczyk@tlen.pl
114,Joanna,Mrozek,Poznań,joanna.mrozek@tlen.pl
115,Paulina,Nowakowski,Warszawa,paulina.nowakowski@wp.pl
116,Izabela,Lis,Bydgoszcz,izabela.lis@tlen.pl
117,Aneta,Kwiatkowski,Marki,aneta.kwiatkowski@interia.pl
118,Tomasz,Nowosielski,Piaseczno,tomasz.nowosielski@interia.pl
119,Monika,Wiśniewski,Ząbki,monika.wisniewski@interia.pl
120,Izabela,Bąk,Bydgoszcz,izabela.bak@tlen.pl
121,Milena,Musiał,Gdynia,milena.musiał@interia.pl
122,Arkadiusz,Domański,Grodzisk Mazowiecki,arkadiusz.domanski@gmail.com
123,Mariusz,Kaczor,Łódź,mariusz.kaczor@interia.pl
124,Michał,Matysiak,Wołomin,michał.matysiak@gmail.com
125,Krzysztof,Konieczny,Kraków,krzysztof.konieczny@tlen.pl
126,Bartosz,Pietrzak,Legionowo,bartosz.pietrzak@interia.pl
127,Halina,Jaworski,Bydgoszcz,halina.jaworski@interia.pl
128,Izabela,Czarnecka,Bydgoszcz,izabela.czarnecka@gmail.com
129,Krzysztof,Kalinowski,Mińsk Mazowiecki,krzysztof.kalinowski@interia.pl
130,Michał,Marciniak,Pruszków,michał.marciniak@interia.pl
131,Tomasz,Król,Grodzisk Mazowiecki,tomasz.krol@tlen.pl
132,Karolina,Walczak,Poznań,karolina.walczak@tlen.pl
133,Paweł,Stępień,Gdańsk,paweł.stepien@gmail.com
134,Ewa,Kowalczyk,Gdynia,ewa.kowalczyk@gmail.com
135,Ewa,Bąk,Gdańsk,ewa.bak@gmail.com
136,Teresa,Wieczorek,Gdynia,teresa.wieczorek@gmail.com
137,Rafał,Sobczak,Piaseczno,rafał.sobczak@wp.pl
138,Marta,Stępień,Bydgoszcz,marta.stepien@tlen.pl
139,Bożena,Pawlik,Grodzisk Mazowiecki,bozena.pawlik@tlen.pl
140,Kacper,Olszewska,Lublin,kacper.olszewska@tlen.pl
141,Aleksandra,Kaźmierczak,Piaseczno,aleksandra.kazmierczak@interia.pl
142,Oliwer,Szymańczak,Bydgoszcz,oliwer.szymanczak@interia.pl
143,Dawid,Kołodziej,Poznań,dawid.kołodziej@wp.pl
144,Daniel,Lis,Pruszków,daniel.lis@gmail.com
145,Ryszard,Piotrowski,Gdynia,ryszard.piotrowski@interia.pl
146,Gabriela,Mrozek,Mińsk Mazowiecki,gabriela.mrozek@gmail.com
147,Damian,Michalski,Katowice,damian.michalski@wp.pl
148,Milena,Pietrzak,Pruszków,milena.pietrzak@gmail.com
149,Hubert,Jankowska,Wrocław,hubert.jankowska@gmail.com
150,Maciej,Chmiel,Lublin,maciej.chmiel@gmail.com
151,Lena,Kucharczyk,Pruszków,lena.kucharczyk@gmail.com
152,Krzysztof,Stępień,Szczecin,krzysztof.stepien@interia.pl
153,Adrian,Sawicka,Katowice,adrian.sawicka@wp.pl
154,Dominika,Kaczmarek,Wołomin,dominika.kaczmarek@gmail.com
155,Patryk,Gajewska,Marki,patryk.gajewska@interia.pl
156,Teresa,Pawlik,Szczecin,teresa.pawlik@interia.pl
157,Łucja,Zielińska,Legionowo,łucja.zielinska@interia.pl
158,Janusz,Jaworski,Wrocław,janusz.jaworski@tlen.pl
159,Igor,Baran,Lublin,igor.baran@gmail.com
160,Klaudia,Król,Poznań,klaudia.krol@interia.pl
161,Anna,Król,Marki,anna.krol@interia.pl
162,Sławomir,Kamińska,Lublin,sławomir.kaminska@tlen.pl
163,Przemysław,Kaczmarczyk,Szczecin,przemysław.kaczmarczyk@interia.pl
164,Filip,Grabowska,Kraków,filip.grabowska@wp.pl
165,Zofia,Kaźmierczak,Warszawa,zofia.kazmierczak@interia.pl
166,Wiktoria,Baran,Katowice,wiktoria.baran@tlen.pl
167,Daniel,Nowosielski,Katowice,daniel.nowosielski@interia.pl
168,Klaudia,Kozłowski,Marki,klaudia.kozłowski@interia.pl
169,Sylwia,Majewska,Lublin,sylwia.majewska@gmail.com
170,Barbara,Kopeć,Marki,barbara.kopec@wp.pl
171,Jarosław,Kwiatkowski,Szczecin,jarosław.kwiatkowski@interia.pl
172,Arkadiusz,Pietrzak,Wołomin,arkadiusz.pietrzak@wp.pl
173,Łucja,Sobczak,Grodzisk Mazowiecki,łucja.sobczak@interia.pl
174,Mikołaj,Ostrowski,Wrocław,mikołaj.ostrowski@wp.pl
175,Natalia,Szulc,Piaseczno,natalia.szulc@tlen.pl
176,Damian,Wojciechowska,Marki,damian.wojciechowska@interia.pl
177,Gabriela,Szafran,Wołomin,gabriela.szafran@wp.pl
178,Renata,Nowicki,Gdańsk,renata.nowicki@tlen.pl
179,Piotr,Kaczmarek,Poznań,piotr.kaczmarek@wp.pl
180,Tadeusz,Jankowska,Kraków,tadeusz.jankowska@interia.pl